{"cameraMode":{"drawMode":0,"name":"Shaded","section":"Shading Mode"},"sceneLighting":true,"audioPlay":false,"sceneViewState":{"showFog":true,"showMaterialUpdate":false,"showSkybox":false,"showFlares":true,"showImageEffects":true,"showParticleSystems":true},"in2DMode":false,"pivot":{"x":26.240867614746095,"y":11.84778118133545,"z":-16.999784469604493},"rotation":{"x":0.1478375494480133,"y":0.566240668296814,"z":-0.10409732162952423,"w":0.804165244102478},"size":70.93946075439453,"orthographic":false}