{"cameraMode":{"drawMode":0,"name":"Shaded","section":"Shading Mode"},"sceneLighting":false,"audioPlay":false,"sceneViewState":{"showFog":true,"showMaterialUpdate":false,"showSkybox":false,"showFlares":true,"showImageEffects":true,"showParticleSystems":true},"in2DMode":false,"pivot":{"x":-0.8142828941345215,"y":2.6799983978271486,"z":0.14849233627319337},"rotation":{"x":-0.015064402483403683,"y":0.9700473546981812,"z":-0.23430462181568147,"w":-0.062365926802158359},"size":21.017248153686525,"orthographic":true}